{"mean":{"confidence_interval":{"confidence_level":0.95,"lower_bound":40021861.775,"upper_bound":42762092.3625},"point_estimate":41350371.5,"standard_error":698080.4534483165},"median":{"confidence_interval":{"confidence_level":0.95,"lower_bound":36799425.0,"upper_bound":39072150.0},"point_estimate":37278600.0,"standard_error":649691.608461656},"median_abs_dev":{"confidence_interval":{"confidence_level":0.95,"lower_bound":1029665.68171978,"upper_bound":4228671.644926071},"point_estimate":1794131.2931478024,"standard_error":892905.089880304},"slope":null,"std_dev":{"confidence_interval":{"confidence_level":0.95,"lower_bound":5872566.89910846,"upper_bound":7887746.412974233},"point_estimate":6995888.1103970315,"standard_error":513757.948820214}}