{"mean":{"confidence_interval":{"confidence_level":0.95,"lower_bound":28941617.375,"upper_bound":29496245.0},"point_estimate":29213850.0,"standard_error":142124.30023250918},"median":{"confidence_interval":{"confidence_level":0.95,"lower_bound":28646950.0,"upper_bound":29272300.0},"point_estimate":28958550.0,"standard_error":143162.25160575012},"median_abs_dev":{"confidence_interval":{"confidence_level":0.95,"lower_bound":1018353.443920613,"upper_bound":1649688.9907121658},"point_estimate":1341308.1961870193,"standard_error":162443.82887429293},"slope":null,"std_dev":{"confidence_interval":{"confidence_level":0.95,"lower_bound":1190742.0734700635,"upper_bound":1641397.2453828796},"point_estimate":1430035.7915807632,"standard_error":114589.4495046138}}