{"mean":{"confidence_interval":{"confidence_level":0.95,"lower_bound":112174172.5,"upper_bound":120101594.125},"point_estimate":116042399.0,"standard_error":2015610.663613526},"median":{"confidence_interval":{"confidence_level":0.95,"lower_bound":102875200.0,"upper_bound":115956600.0},"point_estimate":107373250.0,"standard_error":3819834.643549336},"median_abs_dev":{"confidence_interval":{"confidence_level":0.95,"lower_bound":7579347.585439682,"upper_bound":23440350.363850594},"point_estimate":14055492.530465126,"standard_error":4786048.021395579},"slope":null,"std_dev":{"confidence_interval":{"confidence_level":0.95,"lower_bound":17059154.991240386,"upper_bound":22999794.587953653},"point_estimate":20277136.80092763,"standard_error":1511456.711686733}}