{"mean":{"confidence_interval":{"confidence_level":0.95,"lower_bound":2623072.1111111115,"upper_bound":2714220.444444444},"point_estimate":2665275.6111111105,"standard_error":23489.94422390794},"median":{"confidence_interval":{"confidence_level":0.95,"lower_bound":2590705.5555555555,"upper_bound":2626261.111111111},"point_estimate":2609152.777777778,"standard_error":9078.792569964695},"median_abs_dev":{"confidence_interval":{"confidence_level":0.95,"lower_bound":49749.465783437365,"upper_bound":115432.76295065868},"point_estimate":86975.08012255013,"standard_error":18842.118959160685},"slope":null,"std_dev":{"confidence_interval":{"confidence_level":0.95,"lower_bound":139800.48994853024,"upper_bound":319447.1250221518},"point_estimate":236497.67329839617,"standard_error":46055.515709878586}}