{"mean":{"confidence_interval":{"confidence_level":0.95,"lower_bound":13570767.13125,"upper_bound":13987651.81875},"point_estimate":13769487.75,"standard_error":106596.37471843374},"median":{"confidence_interval":{"confidence_level":0.95,"lower_bound":13394412.5,"upper_bound":13750325.0},"point_estimate":13581862.5,"standard_error":82645.17143598112},"median_abs_dev":{"confidence_interval":{"confidence_level":0.95,"lower_bound":507827.55598425865,"upper_bound":884482.0792973042},"point_estimate":611591.0216420889,"standard_error":98780.29604253655},"slope":null,"std_dev":{"confidence_interval":{"confidence_level":0.95,"lower_bound":756525.8121750097,"upper_bound":1347970.4909631044},"point_estimate":1074714.7064788435,"standard_error":151151.60271790734}}