{"mean":{"confidence_interval":{"confidence_level":0.95,"lower_bound":80154585.85,"upper_bound":88417661.64999999},"point_estimate":84080833.0,"standard_error":2109666.182196319},"median":{"confidence_interval":{"confidence_level":0.95,"lower_bound":69429050.0,"upper_bound":86959800.0},"point_estimate":80446300.0,"standard_error":5134718.371473648},"median_abs_dev":{"confidence_interval":{"confidence_level":0.95,"lower_bound":5630099.270045757,"upper_bound":26323859.05265808},"point_estimate":20975898.55760336,"standard_error":6304779.077549462},"slope":null,"std_dev":{"confidence_interval":{"confidence_level":0.95,"lower_bound":15596284.082349978,"upper_bound":27319473.70549883},"point_estimate":21114837.4150848,"standard_error":3130234.1684722593}}