{"mean":{"confidence_interval":{"confidence_level":0.95,"lower_bound":57807626.975,"upper_bound":58449505.225},"point_estimate":58117978.0,"standard_error":163451.7329628805},"median":{"confidence_interval":{"confidence_level":0.95,"lower_bound":57398300.0,"upper_bound":58170700.0},"point_estimate":57869950.0,"standard_error":204227.0737469606},"median_abs_dev":{"confidence_interval":{"confidence_level":0.95,"lower_bound":971251.2427568436,"upper_bound":1585863.0618453026},"point_estimate":1244494.4179058075,"standard_error":157343.16981779074},"slope":null,"std_dev":{"confidence_interval":{"confidence_level":0.95,"lower_bound":1305285.8642990617,"upper_bound":1937763.2494148577},"point_estimate":1640330.1012684223,"standard_error":161789.19537174638}}