{"mean":{"confidence_interval":{"confidence_level":0.95,"lower_bound":-0.9993063294228405,"upper_bound":-0.9992342405802622},"point_estimate":-0.9992717205494472,"standard_error":0.00001842086477231259},"median":{"confidence_interval":{"confidence_level":0.95,"lower_bound":-0.9993436067322452,"upper_bound":-0.9992848793819796},"point_estimate":-0.9993212118175161,"standard_error":0.000015265331341029318}}