{"mean":{"confidence_interval":{"confidence_level":0.95,"lower_bound":-0.9961579103370344,"upper_bound":-0.9958030066824256},"point_estimate":-0.9959888062227032,"standard_error":0.00008962628627820436},"median":{"confidence_interval":{"confidence_level":0.95,"lower_bound":-0.9965093540536165,"upper_bound":-0.99622678183087},"point_estimate":-0.9963945976751328,"standard_error":0.00009294985666032138}}