{"mean":{"confidence_interval":{"confidence_level":0.95,"lower_bound":147338605.225,"upper_bound":157107141.575},"point_estimate":152147662.0,"standard_error":2491127.3844874147},"median":{"confidence_interval":{"confidence_level":0.95,"lower_bound":134625500.0,"upper_bound":154752500.0},"point_estimate":145769200.0,"standard_error":5130965.298716329},"median_abs_dev":{"confidence_interval":{"confidence_level":0.95,"lower_bound":10731577.519476414,"upper_bound":34681275.10428429},"point_estimate":25209536.912441254,"standard_error":5819519.786899238},"slope":null,"std_dev":{"confidence_interval":{"confidence_level":0.95,"lower_bound":21504781.30027199,"upper_bound":27906454.451603245},"point_estimate":24988133.442357898,"standard_error":1628372.6648323645}}